{
    "listings": [
        {
            "title": "WHISKY Silver Eau de Toilette 100 ml",
            "price": "59,000 TND",
            "rating": ""
        },
        {
            "title": "Paris Bleu Incidence Pour Homme-100 ml",
            "price": "69,000 TND",
            "rating": ""
        },
        {
            "title": "Parfum d\u2019ambiance en spray AREON - 300ml - Summer-Dream",
            "price": "12,614 TND",
            "rating": ""
        },
        {
            "title": "Parfum d\u2019ambiance en spray AREON - 300ml - Spring-Bouquet",
            "price": "12,614 TND",
            "rating": ""
        },
        {
            "title": "Parfum d\u2019ambiance en spray AREON - 300ml - Patchouli, Lavande & Vanille",
            "price": "12,614 TND",
            "rating": ""
        },
        {
            "title": "Parfum d\u2019ambiance en spray AREON - 300ml - Black Crystal",
            "price": "12,614 TND",
            "rating": ""
        },
        {
            "title": "AREON D\u00e9sodorisant pour voiture en gel - Parfum passion",
            "price": "15,113 TND",
            "rating": ""
        },
        {
            "title": "AREON D\u00e9sodorisant pour voiture en gel - Parfum Vanille",
            "price": "15,113 TND",
            "rating": ""
        },
        {
            "title": "Areon Diffuseur de parfum 150ml - Vanilla",
            "price": "40,698 TND",
            "rating": ""
        },
        {
            "title": "Areon spray concentr\u00e9 30ml",
            "price": "13,685 TND",
            "rating": ""
        },
        {
            "title": "PARFUM MY BURBERRY 25ML",
            "price": "15,000 TND",
            "rating": ""
        },
        {
            "title": "Parfum d\u2019ambiance en spray AREON - 300ml - Summer-Dream",
            "price": "12,614 TND",
            "rating": ""
        },
        {
            "title": "Areon Diffuseur de parfum 150ml - Patchouli - Lavender - Vanilla",
            "price": "41,293 TND",
            "rating": ""
        },
        {
            "title": "AREON D\u00e9sodorisant pour voiture en gel - Parfum chewing-gum - Rose",
            "price": "15,113 TND",
            "rating": ""
        },
        {
            "title": "AREON D\u00e9sodorisant pour voiture en gel - Parfum Citron",
            "price": "15,113 TND",
            "rating": ""
        },
        {
            "title": "Eau de Parfum Shalis Pour Femme",
            "price": "89,000 TND",
            "rating": ""
        },
        {
            "title": "Gel d\u00e9sinfectant - 1000ml",
            "price": "36,000 TND",
            "rating": ""
        },
        {
            "title": "Gel d\u00e9sinfectant - 500ml",
            "price": "18,000 TND",
            "rating": ""
        },
        {
            "title": "Gel Antiseptique - 100 ml",
            "price": "3,364 TND",
            "rating": ""
        }
    ]
}