{
    "listings": [
        {
            "title": "Lot de 6 Air fresh 2 Lavande 2 Oc\u00e9an et 2 Oud 500 ml",
            "price": "18.9 DT",
            "rating": "",
            "description": "Vendu par : Panth\u00e8re Rose, Marque : PANTHER ROSE, Parfums : lavande , oc\u00e9an et Oud, Contenu de colis : 6 flacons air fresh, Capacit\u00e9 du flacon : 500 ml, Pays de fabrication : Tunisie"
        },
        {
            "title": "Lot de 4 Air fresh Amber soltan 200 ml",
            "price": "12.8 DT",
            "rating": "",
            "description": "Vendu par : Panth\u00e8re Rose, Marque : PANTHER ROSE, Parfum : Amber, Contenu de colis : 4 air fresh, Capacit\u00e9 du flacon : 200 ml, Pays de fabrication : Tunisie"
        },
        {
            "title": "Lot de 4 Air fresh amber 300 ml",
            "price": "14.5 DT",
            "rating": "",
            "description": "Vendu par : Panth\u00e8re Rose, Marque : PANTHER ROSE, Parfum : Oud, Contenu de colis : 4 air fresh, Capacit\u00e9 du flacon : 300 ml, Pays de fabrication : Tunisie"
        },
        {
            "title": "Lot de 6 Air fresh Lavande Vanille Oc\u00e9an Fruit\u00e9 200 ml x 6",
            "price": "17.5 DT",
            "rating": "",
            "description": "Vendu par : Panth\u00e8re Rose, Marque : PANTHER ROSE, Parfums : lavande, vanille , oc\u00e9an et fruit\u00e9, Contenu de colis : 6 flacons air fresh, Capacit\u00e9 du flacon : 200 ml, Pays de fabrication : Tunisie"
        }
    ]
}