{
    "listings": [
        {
            "title": "Cafeti\u00e8re Italienne Moka Cr\u00e8me",
            "price": "37,000 DT",
            "rating": "null"
        },
        {
            "title": "Balance de Cuisine Num\u00e9rique Pr\u00e9cise De 1g \u00e0 5kg Avec \u00c9cran LCD",
            "price": "Prix Sp\u00e9cial 35,000 DT",
            "rating": "null"
        },
        {
            "title": "Coupe-\u0152ufs Acier Inoxydable Motif 1",
            "price": "28,000 DT",
            "rating": "null"
        },
        {
            "title": "Coupe-\u0152ufs Acier Inoxydable Motif 2",
            "price": "30,000 DT",
            "rating": "null"
        },
        {
            "title": "Batterie de Cuisine 12 Pi\u00e8ces Bronze",
            "price": "Prix Sp\u00e9cial 179,000 DT",
            "rating": "null"
        },
        {
            "title": "Batterie de Cuisine 11 Pi\u00e8ces Rouge",
            "price": "Prix Sp\u00e9cial 169,000 DT",
            "rating": "null"
        },
        {
            "title": "Mini Balance Num\u00e9rique De Poche 200 g 0,01 g",
            "price": "Prix Sp\u00e9cial 44,000 DT",
            "rating": "null"
        },
        {
            "title": "Couscoussier 6 Litres",
            "price": "\u00c0 partir de 69,000 DT",
            "rating": "null"
        },
        {
            "title": "R\u00e9ducteur de gaz",
            "price": "Prix Sp\u00e9cial 6,500 DT",
            "rating": "null"
        },
        {
            "title": "Porte \u00c9ponge Pour \u00c9vier Et Rangement De Cuisine",
            "price": "Prix Sp\u00e9cial 29,900 DT",
            "rating": "null"
        },
        {
            "title": "Kit de 4 Roulettes Magiques Auto Adh\u00e9sives",
            "price": "Prix Sp\u00e9cial 12,000 DT",
            "rating": "null"
        },
        {
            "title": "Lot de 3 Moules \u00e0 G\u00e2teaux en Forme Rond",
            "price": "Prix Sp\u00e9cial 29,000 DT",
            "rating": "null"
        },
        {
            "title": "Nettoyeur Pour \u00c9cran De Fen\u00eatre Magique Polyvalent 4en1",
            "price": "Prix Sp\u00e9cial 14,900 DT",
            "rating": "null"
        },
        {
            "title": "Vaporisateur Huile Alimentaire Et Vinaigre 300 ML",
            "price": "Prix Sp\u00e9cial 14,900 DT",
            "rating": "null"
        },
        {
            "title": "Nettoyant Pour Vitres Double Face",
            "price": "Prix Sp\u00e9cial 19,500 DT",
            "rating": "null"
        },
        {
            "title": "PAck de 2 Pulv\u00e9risateurs D'huile de 200 ml Verre",
            "price": "Prix Sp\u00e9cial 24,000 DT",
            "rating": "null"
        },
        {
            "title": "Po\u00eale \u00c0 Frire 4 Trous Pour Le Petit D\u00e9jeuner",
            "price": "Prix Sp\u00e9cial 29,900 DT",
            "rating": "null"
        },
        {
            "title": "Balance de Cuisine 10kg Blanc",
            "price": "Prix Sp\u00e9cial 20,000 DT",
            "rating": "null"
        },
        {
            "title": "Balance \u00c9lectronique De Cuisine 5 KG",
            "price": "Prix Sp\u00e9cial 22,000 DT",
            "rating": "null"
        },
        {
            "title": "Cafeti\u00e8re \u00e0 Expresso 6 Tasses 300 ML",
            "price": "Prix Sp\u00e9cial 29,900 DT",
            "rating": "null"
        },
        {
            "title": "Machine Coupe Pommes De Terre Avec 2 Lames",
            "price": "Prix Sp\u00e9cial 38,000 DT",
            "rating": "null"
        },
        {
            "title": "Chariot de Nettoyage avec 2 Seaux 18 L",
            "price": "380,000 DT",
            "rating": "null"
        },
        {
            "title": "Thermos Isotherme En Acier Inoxydable Avec Afficheur De Temp\u00e9rature",
            "price": "Prix Sp\u00e9cial 28,900 DT",
            "rating": "null"
        },
        {
            "title": "Chariot de Nettoyage avec 2 Seaux 25 L",
            "price": "360,000 DT",
            "rating": "null"
        },
        {
            "title": "Chariot H\u00f4tellerie avec 2 SEAUX ET PRESSE",
            "price": "880,000 DT",
            "rating": "null"
        },
        {
            "title": "Moule Gris en Silicone Carr\u00e9 R\u00e9utilisable pour Air Fryer",
            "price": "Prix Sp\u00e9cial 16,000 DT",
            "rating": "null"
        },
        {
            "title": "Kit de 3 Louches en Inox",
            "price": "Prix Sp\u00e9cial 25,000 DT",
            "rating": "null"
        },
        {
            "title": "Kit de 4 Supports Rotatifs \u00e0 Crochets",
            "price": "Prix Sp\u00e9cial 15,000 DT",
            "rating": "null"
        },
        {
            "title": "Support \u00c9ponge \u00c9vier Suspendu Multifonction en Silicone",
            "price": "Prix Sp\u00e9cial 9,000 DT",
            "rating": "null"
        },
        {
            "title": "Kit de 3 Passoires en Plastique",
            "price": "null",
            "rating": "null"
        }
    ]
}