{
    "listings": [
        {
            "price": "260.0",
            "product_name": "Robot P\u00e9trin Lexical LMB-1820 1300W 5 Litres - Blanc"
        },
        {
            "price": "179.0",
            "product_name": "D\u00e9froisseur A Main TEFAL Pure Pop 1300W - Vert"
        },
        {
            "price": "78.0",
            "product_name": "Batteur Avec Bol 2 Litre- Noir / Blanc - 250W - 7 Vitesse - CX-6620"
        },
        {
            "price": "989.0",
            "product_name": "Lave Linge Frontal TELEFUNKEN MACH-8KG1200TDG 8kg-Dark Gris"
        },
        {
            "price": "195.0",
            "product_name": "D\u00e9froisseur Vapeur Vertical Professionnel Lexical LGR-1201 1800W Blanc"
        },
        {
            "price": "429.0",
            "product_name": "Table de cuisson Encastrable Focus 60 cm Vitro Noir"
        },
        {
            "price": "859.0",
            "product_name": "R\u00e9frig\u00e9rateur TELEFUNKEN FRIG-283S 237 Litres LessFrost - Silver"
        },
        {
            "price": "975.0",
            "product_name": "Lave linge Frontal CONDOR CON-G710 7Kg - Blanc"
        },
        {
            "price": "399.0",
            "product_name": "MICRO ONDE 25L FOCUS FM.250 - NOIR"
        },
        {
            "price": "245.0",
            "product_name": "Air fryer - friteuse sans huile FLORIA 6L"
        },
        {
            "price": "429.0",
            "product_name": "Robot p\u00e9trin MX-4837- 1000 W- 4L- 6 Vitesses - Acier inoxydable"
        },
        {
            "price": "73.0",
            "product_name": "Mini Hachoir Techwood -THA-150"
        },
        {
            "price": "86.7",
            "product_name": "Mixeur plongeant TECHWOOD TMP-660 Blanc"
        }
    ]
}