{
    "listings": [
        {
            "product_name": "Robot P\u00e9trin Lexical LMB-1820 1300W 5 Litres - Blanc",
            "price": "260.0 DT"
        },
        {
            "product_name": "D\u00e9froisseur A Main TEFAL Pure Pop 1300W - Vert",
            "price": "179.0 DT"
        },
        {
            "product_name": "Batteur Avec Bol 2 Litre- Noir / Blanc - 250W - 7 Vitesse - CX-6620",
            "price": "78.0 DT"
        },
        {
            "product_name": "Lave Linge Frontal TELEFUNKEN MACH-8KG1200TDG 8kg-Dark Gris",
            "price": "989.0 DT"
        },
        {
            "product_name": "D\u00e9froisseur Vapeur Vertical Professionnel Lexical LGR-1201 1800W Blanc",
            "price": "195.0 DT"
        },
        {
            "product_name": "Table de cuisson Encastrable Focus 60 cm Vitro Noir",
            "price": "429.0 DT"
        },
        {
            "product_name": "R\u00e9frig\u00e9rateur TELEFUNKEN FRIG-283S 237 Litres LessFrost - Silver",
            "price": "859.0 DT"
        },
        {
            "product_name": "Lave linge Frontal CONDOR CON-G710 7Kg - Blanc",
            "price": "975.0 DT"
        },
        {
            "product_name": "MICRO ONDE 25L FOCUS FM.250 - NOIR",
            "price": "399.0 DT"
        },
        {
            "product_name": "Air fryer - friteuse sans huile FLORIA 6L",
            "price": "245.0 DT"
        },
        {
            "product_name": "Robot p\u00e9trin MX-4837- 1000 W- 4L- 6 Vitesses - Acier inoxydable",
            "price": "429.0 DT"
        },
        {
            "product_name": "Mini Hachoir Techwood -THA-150",
            "price": "73.0 DT"
        },
        {
            "product_name": "Mixeur plongeant TECHWOOD TMP-660 Blanc",
            "price": "86.7 DT"
        },
        {
            "product_name": "Broyeur - Multifonction - Chopper Rapide - 800 ml",
            "price": "9.0 DT"
        }
    ]
}