{
    "listings": [
        {
            "title": "Madrid EVA White",
            "price": "90,000 TND",
            "rating": "None"
        },
        {
            "title": "BASKET ENFANT",
            "price": "15,000 TND",
            "rating": "None"
        },
        {
            "title": "Tondeuse",
            "price": "79,000 TND",
            "rating": "None"
        },
        {
            "title": "Suspension avec fil GAMBIA 1xE2760W230V",
            "price": "85,000 TND",
            "rating": "None"
        },
        {
            "title": "Filtre pour LR220 (prefiltre + filtre HEPA13+ Charbon actif)",
            "price": "99,000 TND",
            "rating": "None"
        },
        {
            "title": "BASKET FEMME BLANC",
            "price": "19,000 TND",
            "rating": "None"
        },
        {
            "title": "PARTAGEZ CE PRODUIT TEFLON CLOTHING Po\u00eale 26cm - Noir",
            "price": "65,000 TND",
            "rating": "None"
        },
        {
            "title": "FER VAPEUR BLUESKY",
            "price": "50,000 TND",
            "rating": "None"
        },
        {
            "title": "SWEAT BOLVIC POLYVALENT Noir",
            "price": "140,000 TND",
            "rating": "None"
        },
        {
            "title": "Trass - Basket  Blanc",
            "price": "11,900 TND",
            "rating": "None"
        },
        {
            "title": "Chaussure classique Confort Camel",
            "price": "39,000 TND",
            "rating": "None"
        },
        {
            "title": "Sac \u00e0 main 'Marigold'",
            "price": "166,000 TND",
            "rating": "None"
        },
        {
            "title": "Sac \u00e0 dos 'Teddy'",
            "price": "107,000 TND",
            "rating": "None"
        },
        {
            "title": "T-shirt manches longues col V - Bleu Marine",
            "price": "16,800 TND",
            "rating": "None"
        },
        {
            "title": "BATTERIE Next Power L3-74680",
            "price": "380,000 TND",
            "rating": "None"
        },
        {
            "title": "BATTERIE Next Power L1-45",
            "price": "260,000 TND",
            "rating": "None"
        },
        {
            "title": "BATTERIE Next Power L2-60520",
            "price": "280,000 TND",
            "rating": "None"
        },
        {
            "title": "Nuisette de nuit GLAMOUR - LFS417",
            "price": "160,000 TND",
            "rating": "None"
        },
        {
            "title": "Vogue - Lunettes de soleil pour femme",
            "price": "330,000 TND",
            "rating": "None"
        },
        {
            "title": "Couffin en paille - CF5",
            "price": "64,000 TND",
            "rating": "None"
        },
        {
            "title": "Couffin en paille - CF4",
            "price": "79,000 TND",
            "rating": "None"
        },
        {
            "title": "Couffin en paille - CF3",
            "price": "73,000 TND",
            "rating": "None"
        },
        {
            "title": "Mini Sac Couffin - SF6",
            "price": "62,500 TND",
            "rating": "None"
        },
        {
            "title": "Mini Sac Couffin - SF4",
            "price": "62,500 TND",
            "rating": "None"
        },
        {
            "title": "Couffin en jonc - CG3",
            "price": "71,000 TND",
            "rating": "None"
        },
        {
            "title": "Mini Sac Couffin - SF3",
            "price": "62,500 TND",
            "rating": "None"
        },
        {
            "title": "Couffin en paille - CF2",
            "price": "85,000 TND",
            "rating": "None"
        },
        {
            "title": "Couffin en jonc - CG1",
            "price": "87,000 TND",
            "rating": "None"
        },
        {
            "title": "Aspirateur 3 EN 1 rechargeable USB pour Voiture- Maison AS-228",
            "price": "39,000 TND",
            "rating": "None"
        },
        {
            "title": "Tapis de massage des pieds-points d\u2019acupuncture bio\u00e9lectrique soulage la douleur",
            "price": "39,000 TND",
            "rating": "None"
        },
        {
            "title": "Birkenstock Arizona EVA White",
            "price": "69,900 TND",
            "rating": "None"
        },
        {
            "title": "T-shirt Homme Bleu",
            "price": "15,000 TND",
            "rating": "None"
        },
        {
            "title": "PANTACOURT HOMME BLEU",
            "price": "29,000 TND",
            "rating": "None"
        },
        {
            "title": "PANTACOURT HOMME BEIGE",
            "price": "29,000 TND",
            "rating": "None"
        },
        {
            "title": "Maillot de bain",
            "price": "15,000 TND",
            "rating": "None"
        },
        {
            "title": "short de bain pour hommes a s\u00e9chage rapide motif  tropical",
            "price": "15,000 TND",
            "rating": "None"
        },
        {
            "title": "T-shirt Be original",
            "price": "15,000 TND",
            "rating": "None"
        },
        {
            "title": "Tong homme noir",
            "price": "22,000 TND",
            "rating": "None"
        }
    ]
}