{
    "listings": [
        {
            "title": "Mixeur Plongeant Multifonction 4 en 1 - 500 ml - 600 W - Noir - Garantie 1 An",
            "price": "150,000 TND",
            "rating": "",
            "description": "Mixeur plongeant 4 en 1, Marque: Florence, Puissance : 600 W, Nombre de pi\u00e8ce : 5, Pied mixeur en m\u00e9tal avec des lames robustes en acier inoxydable."
        },
        {
            "title": "Areon spray concentr\u00e9 30ml",
            "price": "13,685 TND",
            "rating": "",
            "description": "Contenance : 30 ml, Parfums disponibles : SUMMER DREAM, VANILLA, BLACK CRYSTAL"
        },
        {
            "title": "Parfum d\u2019ambiance en spray AREON - 300ml - Patchouli, Lavande & Vanille",
            "price": "10,600 TND",
            "rating": "",
            "description": "Parfum d\u2019ambiance en spray AREON, Contenance : 300 ml"
        },
        {
            "title": "Parfum d\u2019ambiance en spray AREON - 300ml - Spring-Bouquet",
            "price": "10,600 TND",
            "rating": "",
            "description": "Parfum d\u2019ambiance en spray AREON, Contenance : 300 ml"
        }
    ]
}