{
    "listings": [
        {
            "title": "T\u00e9l\u00e9phone Portable Philips Xenium 210 Bleu Marine",
            "price": "89.9 DT",
            "rating": "None"
        },
        {
            "title": "T\u00e9l\u00e9phone Portable Philips Xenium 210 Noir",
            "price": "89.9 DT",
            "rating": "None"
        },
        {
            "title": "T\u00e9l\u00e9phone Portable Philips Xenium 210 Gold",
            "price": "89.9 DT",
            "rating": "None"
        },
        {
            "title": "T\u00e9l\u00e9phone Portable Philips Fun 101 Vert",
            "price": "56.9 DT",
            "rating": "None"
        },
        {
            "title": "T\u00e9l\u00e9phone Portable Philips Fun 101 Noir",
            "price": "56.9 DT",
            "rating": "None"
        },
        {
            "title": "T\u00e9l\u00e9phone Portable Philips Fun 101 Bleu Marine",
            "price": "56.9 DT",
            "rating": "None"
        },
        {
            "title": "T\u00e9l\u00e9phone Portable Philips Fun 100 Bleu Ciel",
            "price": "46.9 DT",
            "rating": "None"
        },
        {
            "title": "T\u00e9l\u00e9phone Portable Philips Fun 100 Bleu Marine",
            "price": "46.9 DT",
            "rating": "None"
        },
        {
            "title": "T\u00e9l\u00e9phone Portable Philips Fun 100 Noir",
            "price": "46.9 DT",
            "rating": "None"
        },
        {
            "title": "Support de t\u00e9l\u00e9phone R\u00e9glable \u00e0 bord 360 degr\u00e9s",
            "price": "24.9 DT",
            "rating": "None"
        },
        {
            "title": "T\u00e9l\u00e9phone Portable Nokia 6310 / Double SIM / Vert",
            "price": "189.0 DT",
            "rating": "None"
        },
        {
            "title": "T\u00e9l\u00e9phone Portable Nokia 110 2023 / Gris",
            "price": "99.0 DT",
            "rating": "None"
        },
        {
            "title": "T\u00e9l\u00e9phone Portable Nokia 6310 / Double SIM / Noir",
            "price": "189.0 DT",
            "rating": "None"
        },
        {
            "title": "T\u00e9l\u00e9phone Portable Nokia 105 / Double SIM / Bleu",
            "price": "59.0 DT",
            "rating": "None"
        },
        {
            "title": "T\u00e9l\u00e9phone Portable Nokia 105 / Double SIM / Noir",
            "price": "59.0 DT",
            "rating": "None"
        },
        {
            "title": "T\u00e9l\u00e9phone Portable Nokia 150 (2023) / Rouge",
            "price": "149.0 DT",
            "rating": "None"
        }
    ]
}