{
    "listings": [
        {
            "title": "Tirelire d\u00e9coratif en bois objectif t\u00e9l\u00e9phone 20 x 20 x 9.5 cm",
            "price": "35,000 DT",
            "rating": "None"
        },
        {
            "title": "Coque pour Samsung A25 Anti Choc",
            "price": "19,900 DT",
            "rating": "None"
        },
        {
            "title": "Coque pour Infinix Smart 9 Anti Choc",
            "price": "19,900 DT",
            "rating": "None"
        },
        {
            "title": "Coque pour Samsung A06 Anti Choc",
            "price": "19,900 DT",
            "rating": "None"
        },
        {
            "title": "Coque pour Samsung A16 AntiChoc",
            "price": "19,900 DT",
            "rating": "None"
        },
        {
            "title": "Coque pour Samsung A05 Anti Choc",
            "price": "19,900 DT",
            "rating": "None"
        },
        {
            "title": "Coque pour Samsung A05S Anti Choc",
            "price": "19,900 DT",
            "rating": "None"
        },
        {
            "title": "Coque pour Samsung A15 Anti Choc",
            "price": "19,900 DT",
            "rating": "None"
        },
        {
            "title": "Coque pour Samsung A35 Anti Choc",
            "price": "19,900 DT",
            "rating": "None"
        },
        {
            "title": "Coque pour Samsung A55 Anti Choc",
            "price": "19,900 DT",
            "rating": "None"
        },
        {
            "title": "Coque pour Infinix Smart 8 Anti Choc",
            "price": "19,900 DT",
            "rating": "None"
        },
        {
            "title": "Coque pour Infinix Hot 50 5G Anti Choc",
            "price": "19,900 DT",
            "rating": "None"
        },
        {
            "title": "Coque pour Infinix Hot 50i Anti Choc",
            "price": "19,900 DT",
            "rating": "None"
        },
        {
            "title": "Coque pour REDMI 13C AntiChoc",
            "price": "19,900 DT",
            "rating": "None"
        },
        {
            "title": "Coque pour REDMI 14C Anti Choc",
            "price": "19,900 DT",
            "rating": "None"
        },
        {
            "title": "Coque pour REDMI A3 Anti Choc",
            "price": "19,900 DT",
            "rating": "None"
        },
        {
            "title": "Coque pour REDMI A3x Anti Choc",
            "price": "17,900 DT",
            "rating": "None"
        },
        {
            "title": "Coque pour Oppo A3x AntiChoc",
            "price": "17,900 DT",
            "rating": "None"
        },
        {
            "title": "Coque pour Huawei Honor X6B Anti Choc",
            "price": "19,900 DT",
            "rating": "None"
        },
        {
            "title": "Coque pour Huawei Honor x8b AntiChoc",
            "price": "19,900 DT",
            "rating": "None"
        },
        {
            "title": "Coque pour Huawei Honor x9b Anti Choc",
            "price": "19,900 DT",
            "rating": "None"
        },
        {
            "title": "Coque pour Huawei Honor x7b Anti Choc",
            "price": "19,900 DT",
            "rating": "None"
        },
        {
            "title": "Chargeur Micro USB 2A",
            "price": "12,000 DT",
            "rating": "None"
        },
        {
            "title": "Coque pour Samsung Galaxy Z Flip 6 Fibre de Carbone",
            "price": "49,000 DT",
            "rating": "None"
        },
        {
            "title": "Coque pour iPhone 11 Diamant MagSafe Noir",
            "price": "29,900 DT",
            "rating": "None"
        },
        {
            "title": "Coque pour iPhone 11 Diamant MagSafe",
            "price": "29,900 DT",
            "rating": "None"
        },
        {
            "title": "Coque pour iPhone 11 Diamant MagSafe",
            "price": "29,900 DT",
            "rating": "None"
        },
        {
            "title": "Coque pour iPhone 11 Diamant MagSafe",
            "price": "29,900 DT",
            "rating": "None"
        },
        {
            "title": "Coque pour iPhone 11 Diamant MagSafe Gris",
            "price": "29,900 DT",
            "rating": "None"
        },
        {
            "title": "Coque pour iPhone 15 Pro Max Diamant MagSafe Gold",
            "price": "29,900 DT",
            "rating": "None"
        },
        {
            "title": "Coque pour iPhone 14 Diamant MagSafe Bleu",
            "price": "29,900 DT",
            "rating": "None"
        },
        {
            "title": "Coque pour iPhone 14 Diamant MagSafe Rose",
            "price": "29,900 DT",
            "rating": "None"
        }
    ]
}