{
    "listings": [
        {
            "title": "Madrid EVA White",
            "price": "90,000 TND",
            "rating": null
        },
        {
            "title": "BASKET ENFANT",
            "price": "15,000 TND",
            "rating": null
        },
        {
            "title": "Tondeuse",
            "price": "79,000 TND",
            "rating": null
        },
        {
            "title": "Suspension avec fil GAMBIA 1xE2760W230V",
            "price": "85,000 TND",
            "rating": null
        },
        {
            "title": "Filtre pour LR220 (prefiltre + filtre HEPA13+ Charbon actif)",
            "price": "99,000 TND",
            "rating": null
        },
        {
            "title": "BASKET FEMME BLANC",
            "price": "19,000 TND",
            "rating": null
        },
        {
            "title": "PARTAGEZ CE PRODUIT TEFLON CLOTHING Po\u00eale 26cm - Noir",
            "price": "65,000 TND",
            "rating": null
        },
        {
            "title": "FER VAPEUR BLUESKY",
            "price": "50,000 TND",
            "rating": null
        },
        {
            "title": "SWEAT BOLVIC POLYVALENT Noir",
            "price": "140,000 TND",
            "rating": null
        },
        {
            "title": "Trass - Basket Blanc",
            "price": "11,900 TND",
            "rating": null
        },
        {
            "title": "Chaussure classique Confort Camel",
            "price": "39,000 TND",
            "rating": null
        },
        {
            "title": "Sac \u00e0 main 'Marigold'",
            "price": "166,000 TND",
            "rating": null
        },
        {
            "title": "Sac \u00e0 dos 'Teddy'",
            "price": "107,000 TND",
            "rating": null
        },
        {
            "title": "T-shirt manches courtes ras du cou - Blanc",
            "price": "16,800 TND",
            "rating": null
        },
        {
            "title": "BATTERIE Next Power L3-74680",
            "price": "380,000 TND",
            "rating": null
        },
        {
            "title": "BATTERIE Next Power L1-45",
            "price": "260,000 TND",
            "rating": null
        },
        {
            "title": "BATTERIE Next Power L2-60520",
            "price": "280,000 TND",
            "rating": null
        },
        {
            "title": "Nuisette de nuit GLAMOUR - LFS417",
            "price": "160,000 TND",
            "rating": null
        },
        {
            "title": "Vogue - Lunettes de soleil pour femme",
            "price": "330,000 TND",
            "rating": null
        },
        {
            "title": "Appareil de jacuzzi pour les pieds Enzo",
            "price": "177,900 TND",
            "rating": null
        },
        {
            "title": "Birkenstock Arizona EVA White",
            "price": "69,900 TND",
            "rating": null
        },
        {
            "title": "T-shirt Homme Bleu",
            "price": "15,000 TND",
            "rating": null
        },
        {
            "title": "PANTACOURT HOMME BLEU",
            "price": "29,000 TND",
            "rating": null
        },
        {
            "title": "PANTACOURT HOMME BEIGE",
            "price": "29,000 TND",
            "rating": null
        },
        {
            "title": "Maillot de bain",
            "price": "15,000 TND",
            "rating": null
        },
        {
            "title": "Short de bain pour hommes a s\u00e9chage rapide motif tropical",
            "price": "15,000 TND",
            "rating": null
        },
        {
            "title": "T-shirt Be original",
            "price": "15,000 TND",
            "rating": null
        },
        {
            "title": "Tong homme noir",
            "price": "22,000 TND",
            "rating": null
        },
        {
            "title": "Tong homme marron et noir",
            "price": "22,000 TND",
            "rating": null
        },
        {
            "title": "Tong homme bleu",
            "price": "22,000 TND",
            "rating": null
        },
        {
            "title": "Tong homme rose et bleu marine",
            "price": "22,000 TND",
            "rating": null
        },
        {
            "title": "Tong homme turquoise et bleu marine",
            "price": "22,000 TND",
            "rating": null
        },
        {
            "title": "Mocassin orthop\u00e9diques cuir avec boucle m\u00e9tal",
            "price": "59,000 TND",
            "rating": null
        },
        {
            "title": "Rock homme bleu",
            "price": "22,000 TND",
            "rating": null
        },
        {
            "title": "Rock homme nature",
            "price": "22,000 TND",
            "rating": null
        },
        {
            "title": "T-shirt Bleu avec logo",
            "price": "18,900 TND",
            "rating": null
        },
        {
            "title": "Chemise en jeans l\u00e9ger Bleu pour homme",
            "price": "59,000 TND",
            "rating": null
        },
        {
            "title": "Chemise en jeans l\u00e9ger GRIS pour homme",
            "price": "59,000 TND",
            "rating": null
        }
    ]
}