{
    "listings": [
        {
            "title": "Vaporisateur Huile et Vinaigre 210 ML Spray en Verre",
            "price": "12,000 DT",
            "rating": "",
            "description": ""
        },
        {
            "title": "Batterie De Cuisine Sizar 21 Pi\u00e8ces Granite Beige",
            "price": "499,000 DT",
            "rating": "",
            "description": ""
        },
        {
            "title": "\u00c9gouttoir \u00e0 Vaisselle Pliable Multifonction en Acier Inoxydable pour Evier",
            "price": "18,000 DT",
            "rating": "",
            "description": ""
        },
        {
            "title": "\u00c9gouttoir \u00c0 Vaisselle Pliable En Acier Inoxydable Pour \u00c9vier",
            "price": "18,000 DT",
            "rating": "",
            "description": ""
        },
        {
            "title": "Moule Mini Cake en M\u00e9tal 6 Cavit\u00e9s",
            "price": "9,900 DT",
            "rating": "",
            "description": ""
        },
        {
            "title": "Tasse Cr\u00e9ative de Dessins Anim\u00e9s 400 ml avec Paille",
            "price": "25,000 DT",
            "rating": "",
            "description": ""
        },
        {
            "title": "Couscoussier Hascevher 8 Litres En Inox",
            "price": "137,000 DT",
            "rating": "",
            "description": ""
        },
        {
            "title": "Couscoussier Inox Hascevher 6 Litres \u2013 22 cm",
            "price": "127,000 DT",
            "rating": "",
            "description": ""
        },
        {
            "title": "Couscoussier Inox Hascevher 4 Litres 20 cm",
            "price": "112,000 DT",
            "rating": "",
            "description": ""
        },
        {
            "title": "Couscoussier Inox Hascevher 16 Litres 30 cm",
            "price": "179,000 DT",
            "rating": "",
            "description": ""
        },
        {
            "title": "Couscoussier Inox Hascevher 10 Litres 26 cm",
            "price": "149,000 DT",
            "rating": "",
            "description": ""
        },
        {
            "title": "Couscoussier Inox Hascevher 12 Litres 28 cm",
            "price": "164,000 DT",
            "rating": "",
            "description": ""
        },
        {
            "title": "Couscoussier Inox Arian 16 Litres 32 cm",
            "price": "182,000 DT",
            "rating": "",
            "description": ""
        },
        {
            "title": "Batterie de Cuisine Sizar 21 Pi\u00e8ces en Granite Gris",
            "price": "499,000 DT",
            "rating": "",
            "description": ""
        },
        {
            "title": "Batterie De Cuisine Sizar 21 Pi\u00e8ces Granite Marron",
            "price": "499,000 DT",
            "rating": "",
            "description": ""
        },
        {
            "title": "Batterie De Cuisine Sizar 21 Pi\u00e8ces Granite -Noir",
            "price": "499,000 DT",
            "rating": "",
            "description": ""
        },
        {
            "title": "Batterie De Cuisine Sizar 21 Pi\u00e8ces Granite Noir M2",
            "price": "499,000 DT",
            "rating": "",
            "description": ""
        },
        {
            "title": "Service \u00e0 Table 114 Pi\u00e8ces en Porcelaine Florence M1",
            "price": "969,000 DT",
            "rating": "",
            "description": ""
        },
        {
            "title": "Service \u00e0 Table 114 Pi\u00e8ces en Porcelaine Florence M2",
            "price": "969,000 DT",
            "rating": "",
            "description": ""
        },
        {
            "title": "Service \u00e0 Table 114 Pi\u00e8ces en Porcelaine Florence M3",
            "price": "969,000 DT",
            "rating": "",
            "description": ""
        },
        {
            "title": "Lot de 3 Boite En verre avec Couvercle en Bois Bambou",
            "price": "39,000 DT",
            "rating": "",
            "description": ""
        },
        {
            "title": "Balais Magique Pour Vitre Avec Manche",
            "price": "19,900 DT",
            "rating": "",
            "description": ""
        },
        {
            "title": "Cafeti\u00e8re Italienne Moka Cr\u00e8me",
            "price": "37,000 DT",
            "rating": "",
            "description": ""
        },
        {
            "title": "Balance de Cuisine Num\u00e9rique Pr\u00e9cise De 1g \u00e0 5kg Avec \u00c9cran LCD",
            "price": "35,000 DT",
            "rating": "",
            "description": ""
        },
        {
            "title": "Coupe-\u0152ufs Acier Inoxydable Motif 1",
            "price": "28,000 DT",
            "rating": "",
            "description": ""
        },
        {
            "title": "Coupe-\u0152ufs Acier Inoxydable Motif 2",
            "price": "30,000 DT",
            "rating": "",
            "description": ""
        },
        {
            "title": "Batterie de Cuisine 12 Pi\u00e8ces Bronze",
            "price": "179,000 DT",
            "rating": "",
            "description": ""
        },
        {
            "title": "Batterie de Cuisine 11 Pi\u00e8ces Rouge",
            "price": "169,000 DT",
            "rating": "",
            "description": ""
        },
        {
            "title": "Mini Balance Num\u00e9rique De Poche 200 g 0,01 g",
            "price": "44,000 DT",
            "rating": "",
            "description": ""
        },
        {
            "title": "Couscoussier 6 Litres",
            "price": "",
            "rating": "",
            "description": ""
        }
    ]
}