{
    "listings": [
        {
            "title": "Diffuseur de Parfum Naxos",
            "price": "19.0 DT",
            "rating": ""
        },
        {
            "title": "Br\u00fbleur de Parfum Mykonos",
            "price": "15.0 DT",
            "rating": ""
        },
        {
            "title": "Parfum d\u2019Ambiance Flacon 30 ml Black Musc",
            "price": "9.0 DT",
            "rating": ""
        },
        {
            "title": "Parfum d\u2019Ambiance Flacon 30 ml Black Jasmine",
            "price": "9.0 DT",
            "rating": ""
        },
        {
            "title": "Parfum d\u2019Ambiance Flacon 30 ml Oud Malaki",
            "price": "9.0 DT",
            "rating": ""
        },
        {
            "title": "Bougie parfum\u00e9e la chaleureuse",
            "price": "8.0 DT",
            "rating": ""
        },
        {
            "title": "Bougie parfum\u00e9e Elissa",
            "price": "15.0 DT",
            "rating": ""
        },
        {
            "title": "Bougie parfum\u00e9e cube bubble",
            "price": "7.0 DT",
            "rating": ""
        },
        {
            "title": "Parfum de Linge PRESTIGE 250ML",
            "price": "20.0 DT",
            "rating": ""
        },
        {
            "title": "Parfum de Linge NAVY MARINE 250ML",
            "price": "20.0 DT",
            "rating": ""
        },
        {
            "title": "Parfum de Linge COCO PECHE 250ML",
            "price": "20.0 DT",
            "rating": ""
        },
        {
            "title": "Parfum de Linge CLEANX 250ML",
            "price": "20.0 DT",
            "rating": ""
        },
        {
            "title": "Parfum de Linge CONFORT WHITE 250ML",
            "price": "20.0 DT",
            "rating": ""
        },
        {
            "title": "Parfum de Linge FREXEO 250ML",
            "price": "20.0 DT",
            "rating": ""
        },
        {
            "title": "Coffret pure love Lait de Corps &Parfum avec bougie",
            "price": "59.0 DT",
            "rating": ""
        },
        {
            "title": "Coffret de 3 parfums",
            "price": "39.9 DT",
            "rating": ""
        },
        {
            "title": "Pack de 3 Produits D\u00e8licat 5 litres + liquide vaisselle 650 ml + parfum maison 5 litres",
            "price": "21.5 DT",
            "rating": ""
        }
    ]
}