{
    "listings": [
        {
            "title": "Mixeur plongeant 3en1- MX-4154 -200 W -0,5 L- 2 Vitesses \u2013 Garantie 2 ans"
        },
        {
            "price": "113.6 DT",
            "title": "Mixeur plongeant 3en1- MX-4154 -200 W -0,5 L- 2 Vitesses \u2013 Garantie 2 ans"
        },
        {
            "title": "Mixeur plongeant 4 en 1 \u2013 MX-4801 \u2013 250W \u2013 0.5L \u2013 2 vitesses \u2013 Blanc \u2013 Garantie 2 ans"
        },
        {
            "price": "110.4 DT",
            "title": "Mixeur plongeant 4 en 1 \u2013 MX-4801 \u2013 250W \u2013 0.5L \u2013 2 vitesses \u2013 Blanc \u2013 Garantie 2 ans"
        },
        {
            "title": "Mixeur plongeant 3 en 1 pied inox \u2013 MX-4829 \u2013 1000W \u2013 0.7L \u2013 Garantie 2 ans"
        },
        {
            "price": "187.2 DT",
            "title": "Mixeur plongeant 3 en 1 pied inox \u2013 MX-4829 \u2013 1000W \u2013 0.7L \u2013 Garantie 2 ans"
        },
        {
            "title": "Mixeur plongeant 3en1- Plongeur / Fouet / Hachoir \u2013 TMS-9605- Pied Inox- 600W"
        },
        {
            "price": "153.0 DT",
            "title": "Mixeur plongeant 3en1- Plongeur / Fouet / Hachoir \u2013 TMS-9605- Pied Inox- 600W"
        },
        {
            "title": "Mixeur Plongeant 3 en 1 Techwood TMS-9666 / Noir"
        },
        {
            "price": "130.1 DT",
            "title": "Mixeur Plongeant 3 en 1 Techwood TMS-9666 / Noir"
        },
        {
            "title": "Mixeur Plongeant 3 en 1 Techwood TMS-9600 / Blanc"
        },
        {
            "price": "130.1 DT",
            "title": "Mixeur Plongeant 3 en 1 Techwood TMS-9600 / Blanc"
        },
        {
            "title": "Mixeur plongeant \u2013 TMP-666 \u2013 Noir \u2013 2 Vitesses \u2013 Acier Inoxydable \u2013 600 W"
        },
        {
            "price": "86.5 DT",
            "title": "Mixeur plongeant \u2013 TMP-666 \u2013 Noir \u2013 2 Vitesses \u2013 Acier Inoxydable \u2013 600 W"
        },
        {
            "title": "Mixeur Plongeant Techwood TMP-665 / 600W"
        },
        {
            "price": "86.7 DT",
            "title": "Mixeur Plongeant Techwood TMP-665 / 600W"
        },
        {
            "title": "Mixeur Plongeant TMP-660 600W Blanc TECHWOOD"
        },
        {
            "price": "86.7 DT",
            "title": "Mixeur Plongeant TMP-660 600W Blanc TECHWOOD"
        },
        {
            "title": "Mixeur plongeant \u2013 SM 3736 \u2013 170 W \u2013 avec anneau de suspension- Blanc"
        },
        {
            "price": "91.0 DT",
            "title": "Mixeur plongeant \u2013 SM 3736 \u2013 170 W \u2013 avec anneau de suspension- Blanc"
        },
        {
            "title": "Mixeur Plongeant BRAUN MQ5235BK 1000W \u2013 Noir"
        },
        {
            "price": "344.0 DT",
            "title": "Mixeur Plongeant BRAUN MQ5235BK 1000W \u2013 Noir"
        },
        {
            "title": "Mixeur Plongeant BRAUN MQ9195XLI MultiQuick 9 \u2013 Noir"
        },
        {
            "price": "982.0 DT",
            "title": "Mixeur Plongeant BRAUN MQ9195XLI MultiQuick 9 \u2013 Noir"
        },
        {
            "title": "Mixeur Plongeant BRAUN MultiQuick 5 1000W \u2013 Noir"
        },
        {
            "price": "422.0 DT",
            "title": "Mixeur Plongeant BRAUN MultiQuick 5 1000W \u2013 Noir"
        },
        {
            "title": "Mixeur Plongeant BRAUN MultiQuick 5 Sauce 600W \u2013 Noir"
        },
        {
            "price": "300.0 DT",
            "title": "Mixeur Plongeant BRAUN MultiQuick 5 Sauce 600W \u2013 Noir"
        },
        {
            "title": "Mixeur plongeant Multiquick Braun Serie 7 multifonctions 5en1 MQ7075X \u2013 1000 W \u2013 Noir"
        },
        {
            "price": "544.0 DT",
            "title": "Mixeur plongeant Multiquick Braun Serie 7 multifonctions 5en1 MQ7075X \u2013 1000 W \u2013 Noir"
        },
        {
            "title": "Mixeur Plongeant BRAUN MultiQuick 5 Shape 1000W \u2013 Noir"
        },
        {
            "price": "428.0 DT",
            "title": "Mixeur Plongeant BRAUN MultiQuick 5 Shape 1000W \u2013 Noir"
        },
        {
            "title": "Mixeur Plongeant BRAUN MQ5245 MultiQuick 5 Vario \u2013 Blanc"
        },
        {
            "price": "382.0 DT",
            "title": "Mixeur Plongeant BRAUN MQ5245 MultiQuick 5 Vario \u2013 Blanc"
        },
        {
            "title": "Mixeur Plongeant BRAUN Sauce MQ3135 750W \u2013 Blanc"
        },
        {
            "price": "326.0 DT",
            "title": "Mixeur Plongeant BRAUN Sauce MQ3135 750W \u2013 Blanc"
        },
        {
            "title": "Mixeur Plongeant Braun MQ3038WH Spice \u2013 700 W"
        },
        {
            "price": "391.0 DT",
            "title": "Mixeur Plongeant Braun MQ3038WH Spice \u2013 700 W"
        },
        {
            "title": "Mixeur Plongeant BRAUN MQ3035 700W \u2013 Blanc"
        },
        {
            "price": "309.5 DT",
            "title": "Mixeur Plongeant BRAUN MQ3035 700W \u2013 Blanc"
        }
    ]
}