{
    "listings": [
        {
            "title": "Mixeur Plongeant Multifonction 4 en 1 - 500 ml - 600 W - Noir - Garantie 1 An",
            "price": "150,000 TND",
            "rating": ""
        },
        {
            "title": "Areon spray concentr\u00e9 30ml",
            "price": "13,685 TND",
            "rating": ""
        },
        {
            "title": "Parfum d\u2019ambiance en spray AREON - 300ml - Patchouli, Lavande & Vanille",
            "price": "10,600 TND",
            "rating": ""
        },
        {
            "title": "Parfum d\u2019ambiance en spray AREON - 300ml - Spring-Bouquet",
            "price": "10,600 TND",
            "rating": ""
        }
    ]
}