{
    "listings": [
        {
            "title": "Real Pharm TestoBooster Gold Edition- 180 capsules",
            "price": "115.0 DT",
            "rating": null
        },
        {
            "title": "Smartphone OPPO A5 Pro 4G 8Go 256Go - Marron",
            "price": "959.0 DT",
            "rating": null
        },
        {
            "title": "Smartphone Oppo A5 Pro 4Go 256Go Vert",
            "price": "959.0 DT",
            "rating": null
        },
        {
            "title": "Lot De 4 Oreillers En Fibre Creuse Silicon\u00e9e \u2013 70X50 Cm \u2013 Blanc",
            "price": "54.9 DT",
            "rating": null
        },
        {
            "title": "CASA NOVA-Lot De 4 Oreillers Ultra-Gonflant \u2013 Soutien Ferme \u2013 1Kg \u2013 Blanc",
            "price": "119.9 DT",
            "rating": null
        },
        {
            "title": "CASA NOVA-Lot De 6 Oreillers En Fibre Creuse Silicon\u00e9e \u2013 70X50 Cm \u2013 Blanc",
            "price": "74.9 DT",
            "rating": null
        },
        {
            "title": "CASA NOVA-Lot De 5 Oreillers En Fibre Creuse Silicon\u00e9e \u2013 70X50 Cm \u2013 Blanc",
            "price": "64.9 DT",
            "rating": null
        },
        {
            "title": "CASA NOVA-Lot De 3 Oreillers En Fibre Creuse Silicon\u00e9e \u2013 70X50 Cm \u2013 Blanc",
            "price": "49.9 DT",
            "rating": null
        },
        {
            "title": "CASA NOVA-Oreiller En Fibre Creuse Silicon\u00e9e \u2013 70X50 Cm \u2013 Blanc",
            "price": "19.9 DT",
            "rating": null
        },
        {
            "title": "CASA NOVA-Lot De 2 Oreillers En Fibre Creuse Silicon\u00e9e \u2013 70X50 Cm \u2013 Blanc",
            "price": "29.9 DT",
            "rating": null
        },
        {
            "title": "distributeur de film plastique r\u00e9glable pour restaurant et cuisines",
            "price": "24.9 DT",
            "rating": null
        },
        {
            "title": "Vitamine D3 K2 30 g\u00e9lules",
            "price": "34.0 DT",
            "rating": null
        },
        {
            "title": "Zinc bisglycinate30 g\u00e9lules",
            "price": null,
            "rating": null
        },
        {
            "title": "Ultra Mag- Magn\u00e9sium bisglycinate",
            "price": null,
            "rating": null
        }
    ]
}