{
    "listings": [
        {
            "title": "Real Pharm TestoBooster Gold Edition- 180 capsules",
            "price": "115.0 DT",
            "rating": "No rating available"
        },
        {
            "title": "Tv Hisense 55A6K 55\" UHD 4K Smart Tv",
            "price": "1 559.0 DT",
            "rating": "No rating available"
        },
        {
            "title": "Pack organiseurs 8 box de rangement tiroir",
            "price": "42.0 DT",
            "rating": "No rating available"
        },
        {
            "title": "Lampadaire Tr\u00e9pied crois\u00e9 -Noir",
            "price": "155.0 DT",
            "rating": "No rating available"
        },
        {
            "title": "Email Diamant Dentifrice formule Rouge l'Original - Tube 75 ml",
            "price": "19.8 DT",
            "rating": "No rating available"
        },
        {
            "title": "Four \u00e9lectrique Focus 60L- 2000W - F60G - Rouge",
            "price": "389.0 DT",
            "rating": "No rating available"
        },
        {
            "title": "PC Portable LENOVO IdeaPad Slim 3 15IRH8 i7 13\u00e8 G\u00e9n 16Go 512G SSD - Gris",
            "price": "1 900.0 DT",
            "rating": "No rating available"
        },
        {
            "title": "Pack de 4 Maillots de corps Pour Filles - Blanc - Coton",
            "price": "29.9 DT",
            "rating": "No rating available"
        },
        {
            "title": "Jeu De 7 Tournevis De Pr\u00e9cision Ingco",
            "price": "25.9 DT",
            "rating": "No rating available"
        },
        {
            "title": "Smartphone XIAOMI Redmi A3x 4Go128 Go Noir",
            "price": "349.0 DT",
            "rating": "No rating available"
        },
        {
            "title": "Distributeur Triple Papier- 3 en 1",
            "price": "29.0 DT",
            "rating": "No rating available"
        },
        {
            "title": "Cong\u00e9lateur Whirlpool coffre posable - 220L - CF28S A+ Silver",
            "price": "1 349.0 DT",
            "rating": "No rating available"
        },
        {
            "title": "Mini Sac Couffin - SF2",
            "price": "56.2 DT",
            "rating": "No rating available"
        },
        {
            "title": "Paniers \u00e0 Linge Et V\u00eatements Souill\u00e9s - En Plastique - 27 X 46.5 Cm",
            "price": "19.0 DT",
            "rating": "No rating available"
        },
        {
            "title": "CASA NOVA-Lot De 3 Oreillers En Fibre Creuse Silicon\u00e9e \u2013 70X50 Cm \u2013 Blanc",
            "price": "No price available",
            "rating": "No rating available"
        }
    ]
}