{
    "listings": [
        {
            "title": "Robot Cuisine Polyvalent Ufesa Total Chef RK3 \u2013 30Fct \u2013 3.5L \u2013 Noir et Blanc",
            "price": "1369.0 DT",
            "rating": "None"
        },
        {
            "title": "Robot de Cuisine Multifonction SINBO 700W \u2013 Inox",
            "price": "222.0 DT",
            "rating": "None"
        },
        {
            "title": "Robot P\u00e9trin Florence 9L 2000W Gris",
            "price": "349.0 DT",
            "rating": "None"
        },
        {
            "title": "Robot P\u00e9trin Florence 9L 2000W Noir",
            "price": "349.0 DT",
            "rating": "None"
        },
        {
            "title": "Robot P\u00e9trin Florence 9L 2000W Rouge",
            "price": "349.0 DT",
            "rating": "None"
        },
        {
            "title": "Robot P\u00e9trin Lexical 5L 1000W Argent",
            "price": "269.0 DT",
            "rating": "None"
        },
        {
            "title": "Robot P\u00e9trin Kitchen Machine 4.8 L TEFAL \u2013 800W \u2013 Noir",
            "price": "529.0 DT",
            "rating": "None"
        },
        {
            "title": "ROBOT PETRIN CULINA FAKIR l 1000W l Violet",
            "price": "699.0 DT",
            "rating": "None"
        },
        {
            "title": "Robot P\u00e2tissier Multifonction Livoo \u2013 Rouge",
            "price": "225.0 DT",
            "rating": "None"
        },
        {
            "title": "Robot P\u00e9trin RUSSELL HOBBS \u2013 Kitchen Machine Desire 5 Litres 1000 W \u2013 Rouge",
            "price": "949.0 DT",
            "rating": "None"
        },
        {
            "title": "ROBOT PETRIN CULINA FAKIR l 1000W l Rose",
            "price": "699.0 DT",
            "rating": "None"
        },
        {
            "title": "Robot p\u00e9trin multifonctions TOPMATIC 1800W Beige (PKM-1800)",
            "price": "414.0 DT",
            "rating": "None"
        },
        {
            "title": "Kenwood Robot P\u00e2tissier \u2013 Kitchen Machine \u2013 1000W \u2013 KHC29.JO \u2013 Blanc \u2013 Garantie 1 an",
            "price": "835.0 DT",
            "rating": "None"
        }
    ]
}