{
    "listings": [
        {
            "title": "Veilleuse d\u2019ambiance avec chargement de t\u00e9l\u00e9phone sans fil, effets de haut-parleur Bluetooth, r\u00e9veil,",
            "price": "89,000 TND",
            "rating": "",
            "description": ""
        },
        {
            "title": "Bo\u00eete de rangement",
            "price": "19,040 TND",
            "rating": "",
            "description": "Grande capacit\u00e9 : Range t\u00e9l\u00e9phones, lunettes, stylos, cartes, etc. Mat\u00e9riau de qualit\u00e9 : Cuir PU, r\u00e9sistant \u00e0 l'usure. Design simple et \u00e9l\u00e9gant : Pratique, garde la voiture bien rang\u00e9e. Petite taille : 4,33 x 3,54 x 2,17 pouces, compact. Installation facile : Se fixe sur la sortie d\u2019air de la voiture, stable."
        },
        {
            "title": "Support de t\u00e9l\u00e9phone de voiture rotatif et r\u00e9tractable pour r\u00e9troviseur",
            "price": "29,155 TND",
            "rating": "",
            "description": "Compatibilit\u00e9 et installation facile Haute stabilit\u00e9 et r\u00e9duction des vibrations Conception durable et s\u00e9curis\u00e9e"
        },
        {
            "title": "SUPPORT VOITURE SMART SENSOR R1",
            "price": "67,830 TND",
            "rating": "",
            "description": "Charge sans fil pour votre smartphone pendant la conduite. Permet une utilisation pratique du t\u00e9l\u00e9phone (navigation, appels, musique) tout en conduisant. Con\u00e7u pour une exp\u00e9rience de conduite s\u00e9curis\u00e9e et sans distractions."
        },
        {
            "title": "Lecteur MP3 Bluetooth",
            "price": "38,675 TND",
            "rating": "",
            "description": "Couleur : Noir Connectivit\u00e9 sans fil : Bluetooth Puissance : 3.1A Ports : 2 ports USB 1 port Type-C"
        }
    ]
}