{
    "listings": [
        {
            "title": "Lampe LED RGB De 16 Couleurs Avec Commande 7 W",
            "price": "18.9 DT",
            "rating": "6.1"
        },
        {
            "title": "Gants Avec 2 Lampes Lumineux",
            "price": "22.0 DT",
            "rating": ""
        },
        {
            "title": "LAPDESK de pc portable 2 en 1",
            "price": "59.0 DT",
            "rating": ""
        },
        {
            "title": "Gants de p\u00eache avec 2 lampes lumineux",
            "price": "22.0 DT",
            "rating": ""
        },
        {
            "title": "Montre Connect\u00e9e KIESLECT KR Noir",
            "price": "149.0 DT",
            "rating": ""
        },
        {
            "title": "Smartphone Realme C61 8Go 256Go Vert Noir",
            "price": "559.0 DT",
            "rating": ""
        },
        {
            "title": "Smartphone Realme C61 8Go 256Go Gold",
            "price": "559.0 DT",
            "rating": ""
        },
        {
            "title": "Smartphone Realme C61 6Go 128Go Gold",
            "price": "459.0 DT",
            "rating": ""
        },
        {
            "title": "Smartphone Realme C61 6Go 128Go Vert Noir",
            "price": "459.0 DT",
            "rating": ""
        },
        {
            "title": "Montre Connect\u00e9e KIESLECT KR",
            "price": "159.0 DT",
            "rating": ""
        },
        {
            "title": "Perceuse Visseuse \u00c0 Percussion Sans Fil 20V INGCO",
            "price": "289.0 DT",
            "rating": ""
        }
    ]
}