{
    "listings": [
        {
            "product_name": "Pr\u00e9sentoir \u00e0 G\u00e2teau 3 \u00c9tages Forme Carr\u00e9 avec Support 41 cm",
            "price": "79,900 DT"
        },
        {
            "product_name": "Pr\u00e9sentoir \u00e0 G\u00e2teau 2 \u00c9tages Forme Ronde 42 cm",
            "price": "69,900 DT"
        },
        {
            "product_name": "Pr\u00e9sentoir \u00e0 G\u00e2teau 2 \u00c9tages Forme Carr\u00e9 avec Support 42 cm",
            "price": "69,900 DT"
        },
        {
            "product_name": "Pr\u00e9sentoir \u00e0 G\u00e2teau 3 \u00c9tages Forme Ronde avec Support 41 cm",
            "price": "79,900 DT"
        },
        {
            "product_name": "Plateaux Pr\u00e9sentoir deux \u00e9tages Rectangulaire Transparent",
            "price": "42,900 DT"
        },
        {
            "product_name": "Ensemble de 3 plateaux Ovales couleur Verte",
            "price": "47,900 DT"
        },
        {
            "product_name": "Ensemble de 3 plateaux Ronds Noir avec poign\u00e9es dor\u00e9es",
            "price": "47,900 DT"
        },
        {
            "product_name": "Plateau De D\u00e9coration Dor\u00e9 Motif Plume 47 X 22.5 Cm",
            "price": "58,900 DT"
        },
        {
            "product_name": "Ensemble de 3 plateaux Ronds Verts Avec Poign\u00e9es Dor\u00e9es",
            "price": "47,900 DT"
        },
        {
            "product_name": "Plateau artisanal GM 41*30 cm",
            "price": "40,000 DT"
        },
        {
            "product_name": "Syst\u00e8me D'\u00e9pilation Et De Rasage De Luxe 2 en 1 Kemei KM 2219",
            "price": "59,000 DT"
        },
        {
            "product_name": "Professional Double Wax Heater M-WN 608-3",
            "price": "95,000 DT"
        },
        {
            "product_name": "Pack \u00c9pilation Professionnel 3 en 1",
            "price": "45,000 DT"
        },
        {
            "product_name": "Kit Epilation: 1 Appareil Cire & 2 Cartouches & 100 Bandes",
            "price": "39,900 DT"
        },
        {
            "product_name": "Kit \u00c9pilation 1 Appareil Cire & 2 Cartouches Miel & 2 Paquets De Bandes",
            "price": "45,000 DT"
        },
        {
            "product_name": "Kit \u00c9pilation 1 Appareil Cire & 2 Cartouches Miel & 100 Bandes",
            "price": "50,000 DT"
        },
        {
            "product_name": "HTC Rasoir \u00c9lectrique Rechargeable",
            "price": "59,000 DT"
        },
        {
            "product_name": "HTC \u00c9pilateur Rasoir \u00c9lectrique Pour Femmes-Rechargeable-\u00c9pilateur Pour Le Corps-HL-020",
            "price": "38,000 DT"
        },
        {
            "product_name": "HTC \u00c9pilateur \u00c9lectrique Pour Femmes Rechargeable HL-020",
            "price": "39,000 DT"
        },
        {
            "product_name": "\u00c9pilateur Visage 4 en 1 Pour Femme Rechargeable",
            "price": "39,500 DT"
        },
        {
            "product_name": "\u00c9pilateur Sourcils et Visage \u00c9lectrique & Hydrolat de N\u00e9roli",
            "price": "30,000 DT"
        }
    ]
}