{
    "listings": [
        {
            "title": "A Light in the Attic",
            "price": "\u00a351.77",
            "rating": ""
        },
        {
            "title": "Tipping the Velvet",
            "price": "\u00a353.74",
            "rating": ""
        },
        {
            "title": "Soumission",
            "price": "\u00a350.10",
            "rating": ""
        },
        {
            "title": "Sharp Objects",
            "price": "\u00a347.82",
            "rating": ""
        },
        {
            "title": "Sapiens: A Brief History of Humankind",
            "price": "\u00a354.23",
            "rating": ""
        },
        {
            "title": "The Requiem Red",
            "price": "\u00a322.65",
            "rating": ""
        },
        {
            "title": "The Dirty Little Secrets of Getting Your Dream Job",
            "price": "\u00a333.34",
            "rating": ""
        },
        {
            "title": "The Coming Woman: A Novel Based on the Life of the Infamous Feminist, Victoria Woodhull",
            "price": "\u00a317.93",
            "rating": ""
        },
        {
            "title": "The Boys in the Boat: Nine Americans and Their Epic Quest for Gold at the 1936 Berlin Olympics",
            "price": "\u00a322.60",
            "rating": ""
        },
        {
            "title": "The Black Maria",
            "price": "\u00a352.15",
            "rating": ""
        },
        {
            "title": "Starving Hearts (Triangular Trade Trilogy, #1)",
            "price": "\u00a313.99",
            "rating": ""
        },
        {
            "title": "Shakespeare's Sonnets",
            "price": "\u00a320.66",
            "rating": ""
        },
        {
            "title": "Set Me Free",
            "price": "\u00a317.46",
            "rating": ""
        },
        {
            "title": "Scott Pilgrim's Precious Little Life (Scott Pilgrim #1)",
            "price": "\u00a352.29",
            "rating": ""
        },
        {
            "title": "Rip it Up and Start Again",
            "price": "\u00a335.02",
            "rating": ""
        },
        {
            "title": "Our Band Could Be Your Life: Scenes from the American Indie Underground, 1981-1991",
            "price": "\u00a357.25",
            "rating": ""
        },
        {
            "title": "Olio",
            "price": "\u00a323.88",
            "rating": ""
        },
        {
            "title": "Mesaerion: The Best Science Fiction Stories 1800-1849",
            "price": "\u00a337.59",
            "rating": ""
        },
        {
            "title": "Libertarianism for Beginners",
            "price": "\u00a351.33",
            "rating": ""
        },
        {
            "title": "It's Only the Himalayas",
            "price": "\u00a345.17",
            "rating": ""
        }
    ]
}