{
    "listings": [
        {
            "title": "Mixeur plongeant 300 W Blanc",
            "price": "49,000 DT",
            "rating": null
        },
        {
            "title": "Mixeur Plongeant Electrique Silvercrest 300 w",
            "price": "40,000 DT",
            "rating": null
        },
        {
            "title": "Mixeur Plongeant FLORENCE 300W HK-350",
            "price": "79,000 DT",
            "rating": null
        },
        {
            "title": "Mixeur Plongeant Florence 300W - Noir Rouge",
            "price": "69,000 DT",
            "rating": null
        },
        {
            "title": "Mixeur Plongeant Lexical 250W Noir",
            "price": "59,000 DT",
            "rating": null
        },
        {
            "title": "Mixeur Plongeant Lexical 250W Blanc",
            "price": "59,000 DT",
            "rating": null
        },
        {
            "title": "Kit Mixeur Plongeant Topmatic 300W Blanc",
            "price": "119,000 DT",
            "rating": null
        },
        {
            "title": "Mixeur Plongeant KENWOOD 250 W Blanc",
            "price": "135,000 DT",
            "rating": null
        },
        {
            "title": "Mixeur 4EN1 PROVA PE-1053 600W Noir",
            "price": "119,000 DT",
            "rating": null
        },
        {
            "title": "Mixeur 4EN1 PROVA PE-1053 600W Rouge",
            "price": "119,000 DT",
            "rating": null
        },
        {
            "title": "Mixeur 4 EN 1 PROVA 600W Noir /ROUGE",
            "price": "109,000 DT",
            "rating": null
        },
        {
            "title": "Topmatic Mixeur \u00c9lectrique \u00c0 Main 250W",
            "price": "69,000 DT",
            "rating": null
        },
        {
            "title": "Mixeur Plongeant KENWOOD 600 W Blanc",
            "price": "139,000 DT",
            "rating": null
        },
        {
            "title": "Mixeur Plongeant Multifonctions 3 En 1 FLORENCE  600W 500Ml",
            "price": "95,000 DT",
            "rating": null
        },
        {
            "title": "MONLUXE Mixeur Plongeant En Acier Inoxydable Multifonction 4 En 1 400 W",
            "price": "99,000 DT",
            "rating": null
        },
        {
            "title": "PROVA Mixeur Plongeant Noir Multifonction 4 en 1 600W",
            "price": "79,900 DT",
            "rating": null
        },
        {
            "title": "PROVA Mixeur Plongeant Rouge Multifonction 4 en 1 600W",
            "price": "79,900 DT",
            "rating": null
        },
        {
            "title": "Blender 1.5L En Verre Mixeur 2en1 400W Moulin A \u00c9pices Sokany",
            "price": "96,000 DT",
            "rating": null
        },
        {
            "title": "Mixeur \u00e0 main SOKANI 800W",
            "price": "79,000 DT",
            "rating": null
        },
        {
            "title": "Mixeur 2 en 1 500W Blender 1.5L",
            "price": "99,000 DT",
            "rating": null
        },
        {
            "title": "Mixeur Plongeant 4en1 Florence 600W - Blanc",
            "price": "94,000 DT",
            "rating": null
        },
        {
            "title": "Mixeur Plongeant 4 en1 Florence 600W - Noir",
            "price": "94,000 DT",
            "rating": null
        },
        {
            "title": "Batteur \u00e9lectrique Sokany 400 W",
            "price": "79,000 DT",
            "rating": null
        },
        {
            "title": "Mixeur Sonymax 2 en 1, Blender 1.5L en verre",
            "price": "96,000 DT",
            "rating": null
        },
        {
            "title": "Mixeur 2en1 400W Blender 1.5L En Verre & Moulin A \u00c9pices",
            "price": "109,000 DT",
            "rating": null
        },
        {
            "title": "Mixeur Plongeant 700 W 4 en 1 avec Moteur En Cuivre & 2 vitesses",
            "price": "119,000 DT",
            "rating": null
        },
        {
            "title": "Robot P\u00e9trin 6.5L 1200w 6 Vitesses 3en1",
            "price": "589,000 DT",
            "rating": null
        },
        {
            "title": "Blender Galaxy Naturel 2En1 1.5 Litres avec Moulin \u00e0 Epices",
            "price": "82,000 DT",
            "rating": null
        },
        {
            "title": "Galaxy Naturel 2 En 1 Blender - 1.5 Litres avec moulin \u00e9pice",
            "price": "84,000 DT",
            "rating": null
        },
        {
            "title": "Robot Juicer et Blender Florence 10in1 Multifonctions Silver",
            "price": "209,000 DT",
            "rating": null
        },
        {
            "title": "Robot Multifonction 10en1 Florence 400W Noir",
            "price": "229,000 DT",
            "rating": null
        },
        {
            "title": "Robot Multifonction 10en1 Florence 400W Rouge",
            "price": "229,000 DT",
            "rating": null
        }
    ]
}