{
    "listings": [
        {
            "title": "R\u00e9frig\u00e9rateur Inverter LG GN-H702HLHL 506 Litres NoFrost - Silver",
            "price": "409.0 DT",
            "rating": "null"
        },
        {
            "title": "MACHINE A LAVER SEMI AUTOMATIQUE Tornado 12KG - Blue",
            "price": "429.0 DT",
            "rating": "null"
        },
        {
            "title": "Robot P\u00e9trin Lexical LMB-1820 1300W 5 Litres - Blanc",
            "price": "260.0 DT",
            "rating": "null"
        },
        {
            "title": "D\u00e9froisseur A Main TEFAL Pure Pop 1300W - Vert",
            "price": "179.0 DT",
            "rating": "null"
        },
        {
            "title": "Batteur Avec Bol 2 Litre- Noir / Blanc - 250W - 7 Vitesse - CX-6620",
            "price": "78.0 DT",
            "rating": "null"
        },
        {
            "title": "R\u00e9frig\u00e9rateur Side By Side FOCUS SMART6400 620L NoFrost",
            "price": "3 489.0 DT",
            "rating": "null"
        },
        {
            "title": "Lave Linge Frontal TELEFUNKEN MACH-8KG1200TDG 8kg-Dark Gris",
            "price": "989.0 DT",
            "rating": "null"
        },
        {
            "title": "D\u00e9froisseur Vapeur Vertical Professionnel Lexical LGR-1201 1800W Blanc",
            "price": "195.0 DT",
            "rating": "null"
        },
        {
            "title": "Table de cuisson Encastrable Focus 60 cm Vitro Noir",
            "price": "429.0 DT",
            "rating": "null"
        },
        {
            "title": "R\u00e9frig\u00e9rateur TELEFUNKEN FRIG-283S 237 Litres LessFrost - Silver",
            "price": "859.0 DT",
            "rating": "null"
        },
        {
            "title": "Lave linge Frontal CONDOR CON-G710 7Kg - Blanc",
            "price": "975.0 DT",
            "rating": "null"
        },
        {
            "title": "D\u00e9flecteur d'air de climatiseur",
            "price": "45.0 DT",
            "rating": "null"
        },
        {
            "title": "MICRO ONDE 25L FOCUS FM.250 - NOIR",
            "price": "399.0 DT",
            "rating": "null"
        }
    ]
}