{
    "listings": [
        {
            "title": "Lampe de Table LED sans Fil Rechargeable Avec Tactile",
            "price": "49,900 DT",
            "rating": "None"
        },
        {
            "title": "Lampe Led de Table Aladin Old Style Marron",
            "price": "58,000 DT",
            "rating": "None"
        },
        {
            "title": "Lampe De Table Led Sans Fil - Rechargeable - 3 Modes D'\u00e9clairage Avec Interrupteur Tactile - Portable",
            "price": "38,000 DT",
            "rating": "None"
        },
        {
            "title": "Lampe de Table LED en Acrylique RGB Tactile & T\u00e9l\u00e9commande",
            "price": "23,900 DT",
            "rating": "None"
        },
        {
            "title": "Lampe De Table Portables Sans Fil Rechargeable Avec Tactile Motif 2",
            "price": "34,900 DT",
            "rating": "None"
        },
        {
            "title": "Lampe De Table Portables Sans Fil Rechargeable Avec Tactile Mod\u00e8le 2",
            "price": "34,900 DT",
            "rating": "None"
        },
        {
            "title": "Lampe de Table \u00e0 LED d'Astronaute",
            "price": "22,000 DT",
            "rating": "None"
        },
        {
            "title": "Lampe de Table LED en Acrylique RGB Tactile & T\u00e9l\u00e9commande",
            "price": "23,900 DT",
            "rating": "None"
        },
        {
            "title": "Lampe de table portables sans fil rechargeable avec tactile",
            "price": "34,900 DT",
            "rating": "None"
        },
        {
            "title": "Lampe De Table Portable Sans Fil Rechargeable Avec Tactile",
            "price": "34,900 DT",
            "rating": "None"
        },
        {
            "title": "Lampe de bureau de lecture LED Ajustable",
            "price": "21,900 DT",
            "rating": "None"
        },
        {
            "title": "Lampe De Table En Cristal Romantique",
            "price": "29,900 DT",
            "rating": "None"
        },
        {
            "title": "Lampe De Table Portables Sans Fil Rechargeable Avec Tactile",
            "price": "39,900 DT",
            "rating": "None"
        },
        {
            "title": "Lampe De Table En Acrylique RGB avec c\u00e2ble USB 26 x 8.5 cm",
            "price": "24,900 DT",
            "rating": "None"
        },
        {
            "title": "Luminaire LED \u00e0 piles forme \u00c9toile 7.5 x 6 x 3.8 cm",
            "price": "7,000 DT",
            "rating": "None"
        },
        {
            "title": "Lampe de Table Moderne Noir",
            "price": "91,000 DT",
            "rating": "None"
        },
        {
            "title": "Lampe De Table Portable Sans Fil Rechargeable Avec Tactile",
            "price": "59,900 DT",
            "rating": "None"
        },
        {
            "title": "Lampe de Table Moderne Blanc",
            "price": "91,000 DT",
            "rating": "None"
        },
        {
            "title": "Lampe De Table Portable Sans Fil Rechargeable Avec Tactile Dor\u00e9",
            "price": "25,900 DT",
            "rating": "None"
        },
        {
            "title": "Lampe De Table En Cristal Romantique",
            "price": "19,500 DT",
            "rating": "None"
        },
        {
            "title": "Lampe De Table Arbre Artificiel Avec Branches R\u00e9glables - Led - USB & Piles -D\u00e9coration",
            "price": "42,000 DT",
            "rating": "None"
        },
        {
            "title": "Lampe forme  Arbre Lumineux Led",
            "price": "None",
            "rating": "None"
        }
    ]
}