{
    "listings": [
        {
            "title": "Veilleuse d\u2019ambiance avec chargement de t\u00e9l\u00e9phone sans fil, effets de haut-parleur Bluetooth, r\u00e9veil,",
            "price": "89,000 TND",
            "rating": ""
        },
        {
            "title": "Bo\u00eete de rangement",
            "price": "19,040 TND",
            "rating": ""
        },
        {
            "title": "Support de t\u00e9l\u00e9phone de voiture rotatif et r\u00e9tractable pour r\u00e9troviseur",
            "price": "29,155 TND",
            "rating": ""
        },
        {
            "title": "SUPPORT VOITURE SMART SENSOR R1",
            "price": "67,830 TND",
            "rating": ""
        },
        {
            "title": "Lecteur MP3  Bluetooth",
            "price": "38,675 TND",
            "rating": ""
        }
    ]
}