{
    "listings": [
        {
            "title": "Mixeur plongeant 3en1- MX-4154 -200 W -0,5 L- 2 Vitesses \u2013 Garantie 2 ans",
            "price": "113.6 DT",
            "rating": "None"
        },
        {
            "title": "Mixeur plongeant 4 en 1 - MX-4801 - 250W - 0.5L - 2 vitesses - Blanc - Garantie 2 ans",
            "price": "110.4 DT",
            "rating": "None"
        },
        {
            "title": "Mixeur plongeant 3 en 1 pied inox - MX-4829 - 1000W - 0.7L - Garantie 2 ans",
            "price": "187.2 DT",
            "rating": "None"
        },
        {
            "title": "Mixeur plongeant 3en1- Plongeur / Fouet / Hachoir - TMS-9605- Pied Inox- 600W",
            "price": "153.0 DT",
            "rating": "None"
        },
        {
            "title": "Mixeur Plongeant 3 en 1 Techwood TMS-9666 / Noir",
            "price": "130.1 DT",
            "rating": "None"
        },
        {
            "title": "Mixeur Plongeant 3 en 1 Techwood TMS-9600 / Blanc",
            "price": "130.1 DT",
            "rating": "None"
        },
        {
            "title": "Mixeur plongeant - TMP-666 - Noir - 2 Vitesses - Acier Inoxydable - 600 W",
            "price": "86.5 DT",
            "rating": "None"
        },
        {
            "title": "Mixeur Plongeant Techwood TMP-665 / 600W",
            "price": "86.7 DT",
            "rating": "None"
        },
        {
            "title": "Mixeur Plongeant TMP-660 600W Blanc TECHWOOD",
            "price": "86.7 DT",
            "rating": "None"
        },
        {
            "title": "Mixeur plongeant - SM 3736 - 170 W - avec anneau de suspension- Blanc",
            "price": "91.0 DT",
            "rating": "None"
        },
        {
            "title": "Mixeur Plongeant BRAUN MQ5235BK 1000W - Noir",
            "price": "344.0 DT",
            "rating": "None"
        },
        {
            "title": "Mixeur Plongeant BRAUN MQ9195XLI MultiQuick 9 - Noir",
            "price": "982.0 DT",
            "rating": "None"
        },
        {
            "title": "Mixeur Plongeant BRAUN MultiQuick 5 1000W - Noir",
            "price": "422.0 DT",
            "rating": "None"
        },
        {
            "title": "Mixeur Plongeant BRAUN MultiQuick 5 Sauce 600W - Noir",
            "price": "300.0 DT",
            "rating": "None"
        },
        {
            "title": "Mixeur plongeant Multiquick Braun Serie 7 multifonctions 5en1 MQ7075X - 1000 W - Noir",
            "price": "None",
            "rating": "None"
        }
    ]
}